{
  "id": "",
  "name": "",
  "font_family": "iconfont",
  "css_prefix_text": "icon-",
  "description": "",
  "glyphs": [
    {
      "icon_id": "299455",
      "name": "客服电话",
      "font_class": "kefudianhua",
      "unicode": "e608",
      "unicode_decimal": 58888
    },
    {
      "icon_id": "519457",
      "name": "客服热线",
      "font_class": "kefurexian",
      "unicode": "e615",
      "unicode_decimal": 58901
    },
    {
      "icon_id": "838483",
      "name": "客服热线",
      "font_class": "kefurexian1",
      "unicode": "e61c",
      "unicode_decimal": 58908
    },
    {
      "icon_id": "966301",
      "name": "积分商城-新注册",
      "font_class": "zhuanjifenxinzhuce",
      "unicode": "e690",
      "unicode_decimal": 59024
    },
    {
      "icon_id": "21889005",
      "name": "commission",
      "font_class": "commission",
      "unicode": "e614",
      "unicode_decimal": 58900
    }
  ]
}
